model,prompt,right_answer,message_content,extracted,correct,relative_error
gpt-4-0613,"""8153387+8175239=""",16328626,16328626,16328626,TRUE,0
gpt-4-0613,"""28455+5752351=""",5780806,5780806,5780806,TRUE,0
gpt-4-0613,"""5936462+2319289=""",8255751,8255751,8255751,TRUE,0
gpt-4-0613,"""1230803+6713462=""",7944265,7943265,7943265,FALSE,-1.2587696910915103e-4
gpt-4-0613,"""2118301+3655999=""",5774300,5774300,5774300,TRUE,0
gpt-4-0613,"""5370935+3068649=""",8439584,8439584,8439584,TRUE,0
gpt-4-0613,"""3478176+4568662=""",8046838,8046838,8046838,TRUE,0
gpt-4-0613,"""8028227+4208932=""",12237159,12237159,12237159,TRUE,0
gpt-4-0613,"""3442868+8101716=""",11544584,11544584,11544584,TRUE,0
gpt-4-0613,"""525841+155918=""",681759,681759,681759,TRUE,0
gpt-4-0613,"""2804206+3870794=""",6675000,6675000,6675000,TRUE,0
gpt-4-0613,"""3539418+2719877=""",6259295,6259295,6259295,TRUE,0
gpt-4-0613,"""9645482+966874=""",10612356,10613366,10613366,FALSE,9.517208054465875e-5
gpt-4-0613,"""4649459+809071=""",5458530,5458530,5458530,TRUE,0
gpt-4-0613,"""2055528+2979426=""",5034954,5034954,5034954,TRUE,0
gpt-4-0613,"""4972975+4270181=""",9243156,9242956,9242956,FALSE,-2.163763112950079e-5
gpt-4-0613,"""8212567+1318999=""",9531566,9531566,9531566,TRUE,0
gpt-4-0613,"""2210935+3697133=""",5908068,5908068,5908068,TRUE,0
gpt-4-0613,"""7172727+6046748=""",13219475,13219475,13219475,TRUE,0
gpt-4-0613,"""5351805+9580298=""",14932103,14932103,14932103,TRUE,0
gpt-4-0613,"""9442554+9705184=""",19147738,19147738,19147738,TRUE,0
gpt-4-0613,"""8726027+4247313=""",12973340,12973340,12973340,TRUE,0
gpt-4-0613,"""9703019+4181261=""",13884280,13884280,13884280,TRUE,0
gpt-4-0613,"""9356780+3178608=""",12535388,12535388,12535388,TRUE,0
gpt-4-0613,"""9987132+5748517=""",15735649,15735649,15735649,TRUE,0
gpt-4-0613,"""5863455+3190881=""",9054336,9054336,9054336,TRUE,0
gpt-4-0613,"""4862813+7888846=""",12751659,12751659,12751659,TRUE,0
gpt-4-0613,"""2010787+4939526=""",6950313,5944313,5944313,FALSE,-0.14474168285658506
gpt-4-0613,"""4538563+2606864=""",7145427,7145427,7145427,TRUE,0
gpt-4-0613,"""1728774+9817032=""",11545806,11546806,11546806,FALSE,8.661153669131672e-5
gpt-4-0613,"""1124424+936086=""",2060510,2061510,2061510,FALSE,4.853167419716087e-4
gpt-4-0613,"""972945+2634129=""",3607074,3607074,3607074,TRUE,0
gpt-4-0613,"""9309957+7714491=""",17024448,17024448,17024448,TRUE,0
gpt-4-0613,"""7353158+1597218=""",8950376,8950376,8950376,TRUE,0
gpt-4-0613,"""3558260+1284039=""",4842299,4843299,4843299,FALSE,2.0651347634670358e-4
gpt-4-0613,"""7187387+2667683=""",9855070,9855070,9855070,TRUE,0
gpt-4-0613,"""7682247+2427725=""",10109972,10109972,10109972,TRUE,0
gpt-4-0613,"""1271054+9406456=""",10677510,10677510,10677510,TRUE,0
gpt-4-0613,"""1787315+2029527=""",3816842,3815842,3815842,FALSE,-2.6199669779358725e-4
gpt-4-0613,"""6381602+7017048=""",13398650,13398650,13398650,TRUE,0
gpt-4-0613,"""9193835+5767652=""",14961487,14961487,14961487,TRUE,0
gpt-4-0613,"""9414313+2313281=""",11727594,11727594,11727594,TRUE,0
gpt-4-0613,"""575726+8576868=""",9152594,9153594,9153594,FALSE,1.0925864295963095e-4
gpt-4-0613,"""8791728+9140499=""",17932227,17932227,17932227,TRUE,0
gpt-4-0613,"""6419912+6636399=""",13056311,13056311,13056311,TRUE,0
gpt-4-0613,"""1861541+4388055=""",6249596,6248596,6248596,FALSE,-1.6001034306856177e-4
gpt-4-0613,"""3902051+7210942=""",11112993,11112993,11112993,TRUE,0
gpt-4-0613,"""8613404+1140035=""",9753439,9753439,9753439,TRUE,0
gpt-4-0613,"""4289118+6617239=""",10906357,10906357,10906357,TRUE,0
gpt-4-0613,"""1039130+8085970=""",9125100,9124100,9124100,FALSE,-1.0958784013326284e-4
gpt-4-0613,"""4880711+8937040=""",13817751,13817751,13817751,TRUE,0
gpt-4-0613,"""4028054+5339560=""",9367614,9367144,9367144,FALSE,-5.017286152053657e-5
gpt-4-0613,"""2609063+3731739=""",6340802,6340802,6340802,TRUE,0
gpt-4-0613,"""1791628+170703=""",1962331,1962331,1962331,TRUE,0
gpt-4-0613,"""343373+1100513=""",1443886,1443886,1443886,TRUE,0
gpt-4-0613,"""9898050+1681592=""",11579642,11579642,11579642,TRUE,0
gpt-4-0613,"""8494403+7695808=""",16190211,16190211,16190211,TRUE,0
gpt-4-0613,"""5416944+1229547=""",6646491,6646491,6646491,TRUE,0
gpt-4-0613,"""8902729+1112503=""",10015232,10015232,10015232,TRUE,0
gpt-4-0613,"""1759345+9518736=""",11278081,11278081,11278081,TRUE,0
gpt-4-0613,"""5158561+813352=""",5971913,5971913,5971913,TRUE,0
gpt-4-0613,"""120421+3489451=""",3609872,3610872,3610872,FALSE,2.770181324989185e-4
gpt-4-0613,"""3613033+9965006=""",13578039,13575039,13575039,FALSE,-2.2094501275182754e-4
gpt-4-0613,"""1904653+6022863=""",7927516,7928516,7928516,FALSE,1.2614291790780108e-4
gpt-4-0613,"""49284+6030336=""",6079620,6079620,6079620,TRUE,0
gpt-4-0613,"""2081630+5352793=""",7434423,7433423,7433423,FALSE,-1.345094299853855e-4
gpt-4-0613,"""2490788+4701022=""",7191810,7191810,7191810,TRUE,0
gpt-4-0613,"""7682776+1259982=""",8942758,8942758,8942758,TRUE,0
gpt-4-0613,"""2451078+4561212=""",7012290,7012290,7012290,TRUE,0
gpt-4-0613,"""7482378+322944=""",7805322,7805322,7805322,TRUE,0
gpt-4-0613,"""3170110+212919=""",3383029,3382029,3382029,FALSE,-2.95593091280022e-4
gpt-4-0613,"""3091586+5180975=""",8272561,8272561,8272561,TRUE,0
gpt-4-0613,"""6151150+7122278=""",13273428,13273428,13273428,TRUE,0
gpt-4-0613,"""3952183+7845732=""",11797915,11797915,11797915,TRUE,0
gpt-4-0613,"""2621016+7119740=""",9740756,9740756,9740756,TRUE,0
gpt-4-0613,"""3983157+8891613=""",12874770,12876470,12876470,FALSE,1.320411937455468e-4
gpt-4-0613,"""2138404+2172956=""",4311360,4311360,4311360,TRUE,0
gpt-4-0613,"""1981857+4118470=""",6100327,6090327,6090327,FALSE,-0.001639256387403476
gpt-4-0613,"""5606314+8158051=""",13764365,13766365,13766365,FALSE,1.453027437154919e-4
gpt-4-0613,"""7888712+4535223=""",12423935,12423935,12423935,TRUE,0
gpt-4-0613,"""8201641+7723884=""",15925525,15925525,15925525,TRUE,0
gpt-4-0613,"""9026000+5583161=""",14609161,14609161,14609161,TRUE,0
gpt-4-0613,"""1092248+1383321=""",2475569,2475569,2475569,TRUE,0
gpt-4-0613,"""7892803+8524542=""",16417345,16417345,16417345,TRUE,0
gpt-4-0613,"""8893236+4953836=""",13847072,13847072,13847072,TRUE,0
gpt-4-0613,"""2505837+9864658=""",12370495,12373495,12373495,FALSE,2.4251252678242352e-4
gpt-4-0613,"""2462668+1340308=""",3802976,3801976,3801976,FALSE,-2.629519618320142e-4
gpt-4-0613,"""2697376+4136359=""",6833735,6833735,6833735,TRUE,0
gpt-4-0613,"""8856526+9719908=""",18576434,18576434,18576434,TRUE,0
gpt-4-0613,"""7747840+4181550=""",11929390,11929390,11929390,TRUE,0
gpt-4-0613,"""9874921+5762459=""",15637380,15637380,15637380,TRUE,0
gpt-4-0613,"""7162050+1666807=""",8828857,8828857,8828857,TRUE,0
gpt-4-0613,"""405774+1549856=""",1955630,1955630,1955630,TRUE,0
gpt-4-0613,"""6036555+9559006=""",15595561,15595561,15595561,TRUE,0
gpt-4-0613,"""5879417+2944034=""",8823451,8823581,8823581,FALSE,1.4733464264615748e-5
gpt-4-0613,"""1600142+9955664=""",11555806,11556806,11556806,FALSE,8.653658602431058e-5
gpt-4-0613,"""8125501+2926189=""",11051690,11051690,11051690,TRUE,0
gpt-4-0613,"""2437108+9813484=""",12250592,12251592,12251592,FALSE,8.162870822903123e-5
gpt-4-0613,"""1803597+5722395=""",7525992,7525992,7525992,TRUE,0
gpt-4-0613,"""1078380+5383388=""",6461768,6462768,6462768,FALSE,1.5475640722484307e-4
gpt-3.5-turbo-0613,"""8153387+8175239=""",16328626,"1,632,579",1632579,FALSE,-0.9000173682709127
gpt-3.5-turbo-0613,"""28455+5752351=""",5780806,"5,780,706",5780706,FALSE,-1.7298625831774217e-5
gpt-3.5-turbo-0613,"""5936462+2319289=""",8255751,8255751,8255751,TRUE,0
gpt-3.5-turbo-0613,"""1230803+6713462=""",7944265,7944265,7944265,TRUE,0
gpt-3.5-turbo-0613,"""2118301+3655999=""",5774300,"5,773,300",5773300,FALSE,-1.731811648164605e-4
gpt-3.5-turbo-0613,"""5370935+3068649=""",8439584,8439584,8439584,TRUE,0
gpt-3.5-turbo-0613,"""3478176+4568662=""",8046838,8046838,8046838,TRUE,0
gpt-3.5-turbo-0613,"""8028227+4208932=""",12237159,"12,235,159",12235159,FALSE,-1.6343662773365963e-4
gpt-3.5-turbo-0613,"""3442868+8101716=""",11544584,"11,547,584",11547584,FALSE,2.5986211369755097e-4
gpt-3.5-turbo-0613,"""525841+155918=""",681759,681759,681759,TRUE,0
gpt-3.5-turbo-0613,"""2804206+3870794=""",6675000,"6,674,000",6674000,FALSE,-1.498127340824329e-4
gpt-3.5-turbo-0613,"""3539418+2719877=""",6259295,6259295,6259295,TRUE,0
gpt-3.5-turbo-0613,"""9645482+966874=""",10612356,10684356,10684356,FALSE,0.006784544355654898
gpt-3.5-turbo-0613,"""4649459+809071=""",5458530,"5,453,030",5453030,FALSE,-0.001007597283517736
gpt-3.5-turbo-0613,"""2055528+2979426=""",5034954,5034954,5034954,TRUE,0
gpt-3.5-turbo-0613,"""4972975+4270181=""",9243156,9243156,9243156,TRUE,0
gpt-3.5-turbo-0613,"""8212567+1318999=""",9531566,8212567+1318999= 9531566,9531566,TRUE,0
gpt-3.5-turbo-0613,"""2210935+3697133=""",5908068,5908068,5908068,TRUE,0
gpt-3.5-turbo-0613,"""7172727+6046748=""",13219475,"13,228,975",13228975,FALSE,7.186367083413803e-4
gpt-3.5-turbo-0613,"""5351805+9580298=""",14932103,14962103,14962103,FALSE,0.002009094097462416
gpt-3.5-turbo-0613,"""9442554+9705184=""",19147738,19107738,19107738,FALSE,-0.0020890196011664752
gpt-3.5-turbo-0613,"""8726027+4247313=""",12973340,"8726027 + 4247313 = 12,973,340",12973340,TRUE,0
gpt-3.5-turbo-0613,"""9703019+4181261=""",13884280,13824280,13824280,FALSE,-0.0043214340246667815
gpt-3.5-turbo-0613,"""9356780+3178608=""",12535388,1253530,1253530,FALSE,-0.9000007020125743
gpt-3.5-turbo-0613,"""9987132+5748517=""",15735649,15745649,15745649,FALSE,6.354996860948869e-4
gpt-3.5-turbo-0613,"""5863455+3190881=""",9054336,"9,053,736",9053736,FALSE,-6.626659315489558e-5
gpt-3.5-turbo-0613,"""4862813+7888846=""",12751659,"12,753,659",12753659,FALSE,1.568423371420824e-4
gpt-3.5-turbo-0613,"""2010787+4939526=""",6950313,4949313,4949313,FALSE,-0.2879007031769648
gpt-3.5-turbo-0613,"""4538563+2606864=""",7145427,"7,144,427",7144427,FALSE,-1.3994964891528294e-4
gpt-3.5-turbo-0613,"""1728774+9817032=""",11545806,"11,534,806",11534806,FALSE,-9.527269036047059e-4
gpt-3.5-turbo-0613,"""1124424+936086=""",2060510,2060510,2060510,TRUE,0
gpt-3.5-turbo-0613,"""972945+2634129=""",3607074,3607074,3607074,TRUE,0
gpt-3.5-turbo-0613,"""9309957+7714491=""",17024448,"Is this a math problem? If so, 9309957 + 7714491 equals 17074448.",17074448,FALSE,0.0029369527869567147
gpt-3.5-turbo-0613,"""7353158+1597218=""",8950376,8950376,8950376,TRUE,0
gpt-3.5-turbo-0613,"""3558260+1284039=""",4842299,4842299,4842299,TRUE,0
gpt-3.5-turbo-0613,"""7187387+2667683=""",9855070,"9,854,070",9854070,FALSE,-1.0147061360299414e-4
gpt-3.5-turbo-0613,"""7682247+2427725=""",10109972,"10,113,972",10113972,FALSE,3.9564896915633696e-4
gpt-3.5-turbo-0613,"""1271054+9406456=""",10677510,10607510,10607510,FALSE,-0.006555835583389791
gpt-3.5-turbo-0613,"""1787315+2029527=""",3816842,3826842,3826842,FALSE,0.0026199669779363166
gpt-3.5-turbo-0613,"""6381602+7017048=""",13398650,"13,403,850",13403850,FALSE,3.8809880099854865e-4
gpt-3.5-turbo-0613,"""9193835+5767652=""",14961487,"15,961,487",15961487,FALSE,0.06683827616867233
gpt-3.5-turbo-0613,"""9414313+2313281=""",11727594,"11,725,594",11725594,FALSE,-1.705379637119142e-4
gpt-3.5-turbo-0613,"""575726+8576868=""",9152594,"8,354,594",8354594,FALSE,-0.0871883970817453
gpt-3.5-turbo-0613,"""8791728+9140499=""",17932227,17932227,17932227,TRUE,0
gpt-3.5-turbo-0613,"""6419912+6636399=""",13056311,13066311,13066311,FALSE,7.659131281416709e-4
gpt-3.5-turbo-0613,"""1861541+4388055=""",6249596,6259596,6259596,FALSE,0.0016001034306858397
gpt-3.5-turbo-0613,"""3902051+7210942=""",11112993,"11,113,993",11113993,FALSE,8.998475928123639e-5
gpt-3.5-turbo-0613,"""8613404+1140035=""",9753439,9753439,9753439,TRUE,0
gpt-3.5-turbo-0613,"""4289118+6617239=""",10906357,10926357,10926357,FALSE,0.0018337928971150497
gpt-3.5-turbo-0613,"""1039130+8085970=""",9125100,9125100,9125100,TRUE,0
gpt-3.5-turbo-0613,"""4880711+8937040=""",13817751,"13,817,751",13817751,TRUE,0
gpt-3.5-turbo-0613,"""4028054+5339560=""",9367614,"9,366,614",9366614,FALSE,-1.0675076919264281e-4
gpt-3.5-turbo-0613,"""2609063+3731739=""",6340802,6340802,6340802,TRUE,0
gpt-3.5-turbo-0613,"""1791628+170703=""",1962331,1962331,1962331,TRUE,0
gpt-3.5-turbo-0613,"""343373+1100513=""",1443886,1440886,1440886,FALSE,-0.0020777263578980465
gpt-3.5-turbo-0613,"""9898050+1681592=""",11579642,11599642,11599642,FALSE,0.0017271691128275535
gpt-3.5-turbo-0613,"""8494403+7695808=""",16190211,The sum of 8494403 and 7695808 is 16190211.,16190211,TRUE,0
gpt-3.5-turbo-0613,"""5416944+1229547=""",6646491,6646481,6646481,FALSE,-1.5045533049429238e-6
gpt-3.5-turbo-0613,"""8902729+1112503=""",10015232,10015232,10015232,TRUE,0
gpt-3.5-turbo-0613,"""1759345+9518736=""",11278081,"11,273,081",11273081,FALSE,-4.433378338034588e-4
gpt-3.5-turbo-0613,"""5158561+813352=""",5971913,"5,973,913",5973913,FALSE,3.3490106101674577e-4
gpt-3.5-turbo-0613,"""120421+3489451=""",3609872,3619872,3619872,FALSE,0.002770181324988741
gpt-3.5-turbo-0613,"""3613033+9965006=""",13578039,"13,578,039",13578039,TRUE,0
gpt-3.5-turbo-0613,"""1904653+6022863=""",7927516,"7,929,216",7929216,FALSE,2.144429604431508e-4
gpt-3.5-turbo-0613,"""49284+6030336=""",6079620,6089620,6089620,FALSE,0.0016448396445829516
gpt-3.5-turbo-0613,"""2081630+5352793=""",7434423,7434423,7434423,TRUE,0
gpt-3.5-turbo-0613,"""2490788+4701022=""",7191810,The sum of 2490788 and 4701022 is 7191800.,7191800,FALSE,-1.3904705491452063e-6
gpt-3.5-turbo-0613,"""7682776+1259982=""",8942758,8942758,8942758,TRUE,0
gpt-3.5-turbo-0613,"""2451078+4561212=""",7012290,7012290,7012290,TRUE,0
gpt-3.5-turbo-0613,"""7482378+322944=""",7805322,7805322,7805322,TRUE,0
gpt-3.5-turbo-0613,"""3170110+212919=""",3383029,3383029,3383029,TRUE,0
gpt-3.5-turbo-0613,"""3091586+5180975=""",8272561,"8,273,661",8273661,FALSE,1.3296970551190945e-4
gpt-3.5-turbo-0613,"""6151150+7122278=""",13273428,"13,273,428",13273428,TRUE,0
gpt-3.5-turbo-0613,"""3952183+7845732=""",11797915,11727915,11727915,FALSE,-0.005933251765248393
gpt-3.5-turbo-0613,"""2621016+7119740=""",9740756,"9,740,856",9740856,FALSE,1.0266143613435474e-5
gpt-3.5-turbo-0613,"""3983157+8891613=""",12874770,"12,877,770",12877770,FALSE,2.3301387131580142e-4
gpt-3.5-turbo-0613,"""2138404+2172956=""",4311360,"4,315,360",4315360,FALSE,9.277814889037117e-4
gpt-3.5-turbo-0613,"""1981857+4118470=""",6100327,"6,100,327",6100327,TRUE,0
gpt-3.5-turbo-0613,"""5606314+8158051=""",13764365,13794365,13794365,FALSE,0.002179541155730824
gpt-3.5-turbo-0613,"""7888712+4535223=""",12423935,7888712 + 4535223 = 12473935,12473935,FALSE,0.004024489825485977
gpt-3.5-turbo-0613,"""8201641+7723884=""",15925525,15955525,15955525,FALSE,0.0018837683530055216
gpt-3.5-turbo-0613,"""9026000+5583161=""",14609161,14659161,14659161,FALSE,0.0034225100264142494
gpt-3.5-turbo-0613,"""1092248+1383321=""",2475569,2475569,2475569,TRUE,0
gpt-3.5-turbo-0613,"""7892803+8524542=""",16417345,16447345,16447345,FALSE,0.001827335662374141
gpt-3.5-turbo-0613,"""8893236+4953836=""",13847072,The sum of 8893236 and 4953836 is 13867072.,13867072,FALSE,0.0014443486680795203
gpt-3.5-turbo-0613,"""2505837+9864658=""",12370495,"12,370,295",12370295,FALSE,-1.6167501785457894e-5
gpt-3.5-turbo-0613,"""2462668+1340308=""",3802976,3802976,3802976,TRUE,0
gpt-3.5-turbo-0613,"""2697376+4136359=""",6833735,6833735,6833735,TRUE,0
gpt-3.5-turbo-0613,"""8856526+9719908=""",18576434,"18,573,134",18573134,FALSE,-1.7764442841938788e-4
gpt-3.5-turbo-0613,"""7747840+4181550=""",11929390,11969390,11969390,FALSE,0.003353063316732907
gpt-3.5-turbo-0613,"""9874921+5762459=""",15637380,15687380,15687380,FALSE,0.003197466583276798
gpt-3.5-turbo-0613,"""7162050+1666807=""",8828857,"8,827,857",8827857,FALSE,-1.132649447148637e-4
gpt-3.5-turbo-0613,"""405774+1549856=""",1955630,1955630,1955630,TRUE,0
gpt-3.5-turbo-0613,"""6036555+9559006=""",15595561,"15,595,561",15595561,TRUE,0
gpt-3.5-turbo-0613,"""5879417+2944034=""",8823451,8823451,8823451,TRUE,0
gpt-3.5-turbo-0613,"""1600142+9955664=""",11555806,"11,556,806",11556806,FALSE,8.653658602431058e-5
gpt-3.5-turbo-0613,"""8125501+2926189=""",11051690,"11,053,290",11053290,FALSE,1.4477423814818202e-4
gpt-3.5-turbo-0613,"""2437108+9813484=""",12250592,"12,252,592",12252592,FALSE,1.6325741645784042e-4
gpt-3.5-turbo-0613,"""1803597+5722395=""",7525992,"7,527,392",7527392,FALSE,1.86021988862084e-4
gpt-3.5-turbo-0613,"""1078380+5383388=""",6461768,The sum of 1078380 and 5383388 is 6461768.,6461768,TRUE,0
